Filename,R1,R2,R3
Hf_TS_11=CF3_29=CF3_24=CF3.xyz,CF3,CF3,CF3
Hf_TS_11=CF3_29=CF3_24=Cl.xyz,CF3,CF3,Cl
Hf_TS_11=CF3_29=CF3_24=Et.xyz,CF3,CF3,Et
Hf_TS_11=CF3_29=CF3_24=F.xyz,CF3,CF3,F
Hf_TS_11=CF3_29=CF3_24=Me.xyz,CF3,CF3,Me
Hf_TS_11=CF3_29=CF3_24=NCH3_2.xyz,CF3,CF3,NCH3_2
Hf_TS_11=CF3_29=CF3_24=NO2.xyz,CF3,CF3,NO2
Hf_TS_11=CF3_29=CF3_24=OMe.xyz,CF3,CF3,OMe
Hf_TS_11=CF3_29=CF3_24=Ph.xyz,CF3,CF3,Ph
Hf_TS_11=CF3_29=Cl_24=CF3.xyz,CF3,Cl,CF3
Hf_TS_11=CF3_29=Cl_24=Cl.xyz,CF3,Cl,Cl
Hf_TS_11=CF3_29=Cl_24=Et.xyz,CF3,Cl,Et
Hf_TS_11=CF3_29=Cl_24=F.xyz,CF3,Cl,F
Hf_TS_11=CF3_29=Cl_24=Me.xyz,CF3,Cl,Me
Hf_TS_11=CF3_29=Cl_24=NCH3_2.xyz,CF3,Cl,NCH3_2
Hf_TS_11=CF3_29=Cl_24=NO2.xyz,CF3,Cl,NO2
Hf_TS_11=CF3_29=Cl_24=OMe.xyz,CF3,Cl,OMe
Hf_TS_11=CF3_29=Cl_24=Ph.xyz,CF3,Cl,Ph
Hf_TS_11=CF3_29=Et_24=CF3.xyz,CF3,Et,CF3
Hf_TS_11=CF3_29=Et_24=Cl.xyz,CF3,Et,Cl
Hf_TS_11=CF3_29=Et_24=Et.xyz,CF3,Et,Et
Hf_TS_11=CF3_29=Et_24=F.xyz,CF3,Et,F
Hf_TS_11=CF3_29=Et_24=Me.xyz,CF3,Et,Me
Hf_TS_11=CF3_29=Et_24=NCH3_2.xyz,CF3,Et,NCH3_2
Hf_TS_11=CF3_29=Et_24=NO2.xyz,CF3,Et,NO2
Hf_TS_11=CF3_29=Et_24=OMe.xyz,CF3,Et,OMe
Hf_TS_11=CF3_29=Et_24=Ph.xyz,CF3,Et,Ph
Hf_TS_11=CF3_29=F_24=CF3.xyz,CF3,F,CF3
Hf_TS_11=CF3_29=F_24=Cl.xyz,CF3,F,Cl
Hf_TS_11=CF3_29=F_24=Et.xyz,CF3,F,Et
Hf_TS_11=CF3_29=F_24=F.xyz,CF3,F,F
Hf_TS_11=CF3_29=F_24=Me.xyz,CF3,F,Me
Hf_TS_11=CF3_29=F_24=NCH3_2.xyz,CF3,F,NCH3_2
Hf_TS_11=CF3_29=F_24=NO2.xyz,CF3,F,NO2
Hf_TS_11=CF3_29=F_24=OMe.xyz,CF3,F,OMe
Hf_TS_11=CF3_29=F_24=Ph.xyz,CF3,F,Ph
Hf_TS_11=CF3_29=Me_24=CF3.xyz,CF3,Me,CF3
Hf_TS_11=CF3_29=Me_24=Cl.xyz,CF3,Me,Cl
Hf_TS_11=CF3_29=Me_24=Et.xyz,CF3,Me,Et
Hf_TS_11=CF3_29=Me_24=F.xyz,CF3,Me,F
Hf_TS_11=CF3_29=Me_24=Me.xyz,CF3,Me,Me
Hf_TS_11=CF3_29=Me_24=NCH3_2.xyz,CF3,Me,NCH3_2
Hf_TS_11=CF3_29=Me_24=NO2.xyz,CF3,Me,NO2
Hf_TS_11=CF3_29=Me_24=OMe.xyz,CF3,Me,OMe
Hf_TS_11=CF3_29=Me_24=Ph.xyz,CF3,Me,Ph
Hf_TS_11=CF3_29=NCH3_2_24=CF3.xyz,CF3,NCH3_2,CF3
Hf_TS_11=CF3_29=NCH3_2_24=Cl.xyz,CF3,NCH3_2,Cl
Hf_TS_11=CF3_29=NCH3_2_24=Et.xyz,CF3,NCH3_2,Et
Hf_TS_11=CF3_29=NCH3_2_24=F.xyz,CF3,NCH3_2,F
Hf_TS_11=CF3_29=NCH3_2_24=Me.xyz,CF3,NCH3_2,Me
Hf_TS_11=CF3_29=NCH3_2_24=NCH3_2.xyz,CF3,NCH3_2,NCH3_2
Hf_TS_11=CF3_29=NCH3_2_24=NO2.xyz,CF3,NCH3_2,NO2
Hf_TS_11=CF3_29=NCH3_2_24=OMe.xyz,CF3,NCH3_2,OMe
Hf_TS_11=CF3_29=NCH3_2_24=Ph.xyz,CF3,NCH3_2,Ph
Hf_TS_11=CF3_29=NO2_24=CF3.xyz,CF3,NO2,CF3
Hf_TS_11=CF3_29=NO2_24=Cl.xyz,CF3,NO2,Cl
Hf_TS_11=CF3_29=NO2_24=Et.xyz,CF3,NO2,Et
Hf_TS_11=CF3_29=NO2_24=F.xyz,CF3,NO2,F
Hf_TS_11=CF3_29=NO2_24=Me.xyz,CF3,NO2,Me
Hf_TS_11=CF3_29=NO2_24=NCH3_2.xyz,CF3,NO2,NCH3_2
Hf_TS_11=CF3_29=NO2_24=NO2.xyz,CF3,NO2,NO2
Hf_TS_11=CF3_29=NO2_24=OMe.xyz,CF3,NO2,OMe
Hf_TS_11=CF3_29=NO2_24=Ph.xyz,CF3,NO2,Ph
Hf_TS_11=CF3_29=OMe_24=CF3.xyz,CF3,OMe,CF3
Hf_TS_11=CF3_29=OMe_24=Cl.xyz,CF3,OMe,Cl
Hf_TS_11=CF3_29=OMe_24=Et.xyz,CF3,OMe,Et
Hf_TS_11=CF3_29=OMe_24=F.xyz,CF3,OMe,F
Hf_TS_11=CF3_29=OMe_24=Me.xyz,CF3,OMe,Me
Hf_TS_11=CF3_29=OMe_24=NCH3_2.xyz,CF3,OMe,NCH3_2
Hf_TS_11=CF3_29=OMe_24=NO2.xyz,CF3,OMe,NO2
Hf_TS_11=CF3_29=OMe_24=OMe.xyz,CF3,OMe,OMe
Hf_TS_11=CF3_29=OMe_24=Ph.xyz,CF3,OMe,Ph
Hf_TS_11=CF3_29=Ph_24=CF3.xyz,CF3,Ph,CF3
Hf_TS_11=CF3_29=Ph_24=Cl.xyz,CF3,Ph,Cl
Hf_TS_11=CF3_29=Ph_24=Et.xyz,CF3,Ph,Et
Hf_TS_11=CF3_29=Ph_24=F.xyz,CF3,Ph,F
Hf_TS_11=CF3_29=Ph_24=Me.xyz,CF3,Ph,Me
Hf_TS_11=CF3_29=Ph_24=NCH3_2.xyz,CF3,Ph,NCH3_2
Hf_TS_11=CF3_29=Ph_24=NO2.xyz,CF3,Ph,NO2
Hf_TS_11=CF3_29=Ph_24=OMe.xyz,CF3,Ph,OMe
Hf_TS_11=CF3_29=Ph_24=Ph.xyz,CF3,Ph,Ph
Hf_TS_11=Cl_29=CF3_24=CF3.xyz,Cl,CF3,CF3
Hf_TS_11=Cl_29=CF3_24=Cl.xyz,Cl,CF3,Cl
Hf_TS_11=Cl_29=CF3_24=Et.xyz,Cl,CF3,Et
Hf_TS_11=Cl_29=CF3_24=F.xyz,Cl,CF3,F
Hf_TS_11=Cl_29=CF3_24=Me.xyz,Cl,CF3,Me
Hf_TS_11=Cl_29=CF3_24=NCH3_2.xyz,Cl,CF3,NCH3_2
Hf_TS_11=Cl_29=CF3_24=NO2.xyz,Cl,CF3,NO2
Hf_TS_11=Cl_29=CF3_24=OMe.xyz,Cl,CF3,OMe
Hf_TS_11=Cl_29=CF3_24=Ph.xyz,Cl,CF3,Ph
Hf_TS_11=Cl_29=Cl_24=CF3.xyz,Cl,Cl,CF3
Hf_TS_11=Cl_29=Cl_24=Cl.xyz,Cl,Cl,Cl
Hf_TS_11=Cl_29=Cl_24=Et.xyz,Cl,Cl,Et
Hf_TS_11=Cl_29=Cl_24=F.xyz,Cl,Cl,F
Hf_TS_11=Cl_29=Cl_24=Me.xyz,Cl,Cl,Me
Hf_TS_11=Cl_29=Cl_24=NCH3_2.xyz,Cl,Cl,NCH3_2
Hf_TS_11=Cl_29=Cl_24=NO2.xyz,Cl,Cl,NO2
Hf_TS_11=Cl_29=Cl_24=OMe.xyz,Cl,Cl,OMe
Hf_TS_11=Cl_29=Cl_24=Ph.xyz,Cl,Cl,Ph
Hf_TS_11=Cl_29=Et_24=CF3.xyz,Cl,Et,CF3
Hf_TS_11=Cl_29=Et_24=Cl.xyz,Cl,Et,Cl
Hf_TS_11=Cl_29=Et_24=Et.xyz,Cl,Et,Et
Hf_TS_11=Cl_29=Et_24=F.xyz,Cl,Et,F
Hf_TS_11=Cl_29=Et_24=Me.xyz,Cl,Et,Me
Hf_TS_11=Cl_29=Et_24=NCH3_2.xyz,Cl,Et,NCH3_2
Hf_TS_11=Cl_29=Et_24=NO2.xyz,Cl,Et,NO2
Hf_TS_11=Cl_29=Et_24=OMe.xyz,Cl,Et,OMe
Hf_TS_11=Cl_29=Et_24=Ph.xyz,Cl,Et,Ph
Hf_TS_11=Cl_29=F_24=CF3.xyz,Cl,F,CF3
Hf_TS_11=Cl_29=F_24=Cl.xyz,Cl,F,Cl
Hf_TS_11=Cl_29=F_24=Et.xyz,Cl,F,Et
Hf_TS_11=Cl_29=F_24=F.xyz,Cl,F,F
Hf_TS_11=Cl_29=F_24=Me.xyz,Cl,F,Me
Hf_TS_11=Cl_29=F_24=NCH3_2.xyz,Cl,F,NCH3_2
Hf_TS_11=Cl_29=F_24=NO2.xyz,Cl,F,NO2
Hf_TS_11=Cl_29=F_24=OMe.xyz,Cl,F,OMe
Hf_TS_11=Cl_29=F_24=Ph.xyz,Cl,F,Ph
Hf_TS_11=Cl_29=Me_24=CF3.xyz,Cl,Me,CF3
Hf_TS_11=Cl_29=Me_24=Cl.xyz,Cl,Me,Cl
Hf_TS_11=Cl_29=Me_24=Et.xyz,Cl,Me,Et
Hf_TS_11=Cl_29=Me_24=F.xyz,Cl,Me,F
Hf_TS_11=Cl_29=Me_24=Me.xyz,Cl,Me,Me
Hf_TS_11=Cl_29=Me_24=NCH3_2.xyz,Cl,Me,NCH3_2
Hf_TS_11=Cl_29=Me_24=NO2.xyz,Cl,Me,NO2
Hf_TS_11=Cl_29=Me_24=OMe.xyz,Cl,Me,OMe
Hf_TS_11=Cl_29=Me_24=Ph.xyz,Cl,Me,Ph
Hf_TS_11=Cl_29=NCH3_2_24=CF3.xyz,Cl,NCH3_2,CF3
Hf_TS_11=Cl_29=NCH3_2_24=Cl.xyz,Cl,NCH3_2,Cl
Hf_TS_11=Cl_29=NCH3_2_24=Et.xyz,Cl,NCH3_2,Et
Hf_TS_11=Cl_29=NCH3_2_24=F.xyz,Cl,NCH3_2,F
Hf_TS_11=Cl_29=NCH3_2_24=Me.xyz,Cl,NCH3_2,Me
Hf_TS_11=Cl_29=NCH3_2_24=NCH3_2.xyz,Cl,NCH3_2,NCH3_2
Hf_TS_11=Cl_29=NCH3_2_24=NO2.xyz,Cl,NCH3_2,NO2
Hf_TS_11=Cl_29=NCH3_2_24=OMe.xyz,Cl,NCH3_2,OMe
Hf_TS_11=Cl_29=NCH3_2_24=Ph.xyz,Cl,NCH3_2,Ph
Hf_TS_11=Cl_29=NO2_24=CF3.xyz,Cl,NO2,CF3
Hf_TS_11=Cl_29=NO2_24=Cl.xyz,Cl,NO2,Cl
Hf_TS_11=Cl_29=NO2_24=Et.xyz,Cl,NO2,Et
Hf_TS_11=Cl_29=NO2_24=F.xyz,Cl,NO2,F
Hf_TS_11=Cl_29=NO2_24=Me.xyz,Cl,NO2,Me
Hf_TS_11=Cl_29=NO2_24=NCH3_2.xyz,Cl,NO2,NCH3_2
Hf_TS_11=Cl_29=NO2_24=NO2.xyz,Cl,NO2,NO2
Hf_TS_11=Cl_29=NO2_24=OMe.xyz,Cl,NO2,OMe
Hf_TS_11=Cl_29=NO2_24=Ph.xyz,Cl,NO2,Ph
Hf_TS_11=Cl_29=OMe_24=CF3.xyz,Cl,OMe,CF3
Hf_TS_11=Cl_29=OMe_24=Cl.xyz,Cl,OMe,Cl
Hf_TS_11=Cl_29=OMe_24=Et.xyz,Cl,OMe,Et
Hf_TS_11=Cl_29=OMe_24=F.xyz,Cl,OMe,F
Hf_TS_11=Cl_29=OMe_24=Me.xyz,Cl,OMe,Me
Hf_TS_11=Cl_29=OMe_24=NCH3_2.xyz,Cl,OMe,NCH3_2
Hf_TS_11=Cl_29=OMe_24=NO2.xyz,Cl,OMe,NO2
Hf_TS_11=Cl_29=OMe_24=OMe.xyz,Cl,OMe,OMe
Hf_TS_11=Cl_29=OMe_24=Ph.xyz,Cl,OMe,Ph
Hf_TS_11=Cl_29=Ph_24=CF3.xyz,Cl,Ph,CF3
Hf_TS_11=Cl_29=Ph_24=Cl.xyz,Cl,Ph,Cl
Hf_TS_11=Cl_29=Ph_24=Et.xyz,Cl,Ph,Et
Hf_TS_11=Cl_29=Ph_24=F.xyz,Cl,Ph,F
Hf_TS_11=Cl_29=Ph_24=Me.xyz,Cl,Ph,Me
Hf_TS_11=Cl_29=Ph_24=NCH3_2.xyz,Cl,Ph,NCH3_2
Hf_TS_11=Cl_29=Ph_24=NO2.xyz,Cl,Ph,NO2
Hf_TS_11=Cl_29=Ph_24=OMe.xyz,Cl,Ph,OMe
Hf_TS_11=Cl_29=Ph_24=Ph.xyz,Cl,Ph,Ph
Hf_TS_11=Et_29=CF3_24=CF3.xyz,Et,CF3,CF3
Hf_TS_11=Et_29=CF3_24=Cl.xyz,Et,CF3,Cl
Hf_TS_11=Et_29=CF3_24=Et.xyz,Et,CF3,Et
Hf_TS_11=Et_29=CF3_24=F.xyz,Et,CF3,F
Hf_TS_11=Et_29=CF3_24=Me.xyz,Et,CF3,Me
Hf_TS_11=Et_29=CF3_24=NCH3_2.xyz,Et,CF3,NCH3_2
Hf_TS_11=Et_29=CF3_24=NO2.xyz,Et,CF3,NO2
Hf_TS_11=Et_29=CF3_24=OMe.xyz,Et,CF3,OMe
Hf_TS_11=Et_29=CF3_24=Ph.xyz,Et,CF3,Ph
Hf_TS_11=Et_29=Cl_24=CF3.xyz,Et,Cl,CF3
Hf_TS_11=Et_29=Cl_24=Cl.xyz,Et,Cl,Cl
Hf_TS_11=Et_29=Cl_24=Et.xyz,Et,Cl,Et
Hf_TS_11=Et_29=Cl_24=F.xyz,Et,Cl,F
Hf_TS_11=Et_29=Cl_24=Me.xyz,Et,Cl,Me
Hf_TS_11=Et_29=Cl_24=NCH3_2.xyz,Et,Cl,NCH3_2
Hf_TS_11=Et_29=Cl_24=NO2.xyz,Et,Cl,NO2
Hf_TS_11=Et_29=Cl_24=OMe.xyz,Et,Cl,OMe
Hf_TS_11=Et_29=Cl_24=Ph.xyz,Et,Cl,Ph
Hf_TS_11=Et_29=Et_24=CF3.xyz,Et,Et,CF3
Hf_TS_11=Et_29=Et_24=Cl.xyz,Et,Et,Cl
Hf_TS_11=Et_29=Et_24=Et.xyz,Et,Et,Et
Hf_TS_11=Et_29=Et_24=F.xyz,Et,Et,F
Hf_TS_11=Et_29=Et_24=Me.xyz,Et,Et,Me
Hf_TS_11=Et_29=Et_24=NCH3_2.xyz,Et,Et,NCH3_2
Hf_TS_11=Et_29=Et_24=NO2.xyz,Et,Et,NO2
Hf_TS_11=Et_29=Et_24=OMe.xyz,Et,Et,OMe
Hf_TS_11=Et_29=Et_24=Ph.xyz,Et,Et,Ph
Hf_TS_11=Et_29=F_24=CF3.xyz,Et,F,CF3
Hf_TS_11=Et_29=F_24=Cl.xyz,Et,F,Cl
Hf_TS_11=Et_29=F_24=Et.xyz,Et,F,Et
Hf_TS_11=Et_29=F_24=F.xyz,Et,F,F
Hf_TS_11=Et_29=F_24=Me.xyz,Et,F,Me
Hf_TS_11=Et_29=F_24=NCH3_2.xyz,Et,F,NCH3_2
Hf_TS_11=Et_29=F_24=NO2.xyz,Et,F,NO2
Hf_TS_11=Et_29=F_24=OMe.xyz,Et,F,OMe
Hf_TS_11=Et_29=F_24=Ph.xyz,Et,F,Ph
Hf_TS_11=Et_29=Me_24=CF3.xyz,Et,Me,CF3
Hf_TS_11=Et_29=Me_24=Cl.xyz,Et,Me,Cl
Hf_TS_11=Et_29=Me_24=Et.xyz,Et,Me,Et
Hf_TS_11=Et_29=Me_24=F.xyz,Et,Me,F
Hf_TS_11=Et_29=Me_24=Me.xyz,Et,Me,Me
Hf_TS_11=Et_29=Me_24=NCH3_2.xyz,Et,Me,NCH3_2
Hf_TS_11=Et_29=Me_24=NO2.xyz,Et,Me,NO2
Hf_TS_11=Et_29=Me_24=OMe.xyz,Et,Me,OMe
Hf_TS_11=Et_29=Me_24=Ph.xyz,Et,Me,Ph
Hf_TS_11=Et_29=NCH3_2_24=CF3.xyz,Et,NCH3_2,CF3
Hf_TS_11=Et_29=NCH3_2_24=Cl.xyz,Et,NCH3_2,Cl
Hf_TS_11=Et_29=NCH3_2_24=Et.xyz,Et,NCH3_2,Et
Hf_TS_11=Et_29=NCH3_2_24=F.xyz,Et,NCH3_2,F
Hf_TS_11=Et_29=NCH3_2_24=Me.xyz,Et,NCH3_2,Me
Hf_TS_11=Et_29=NCH3_2_24=NCH3_2.xyz,Et,NCH3_2,NCH3_2
Hf_TS_11=Et_29=NCH3_2_24=NO2.xyz,Et,NCH3_2,NO2
Hf_TS_11=Et_29=NCH3_2_24=OMe.xyz,Et,NCH3_2,OMe
Hf_TS_11=Et_29=NCH3_2_24=Ph.xyz,Et,NCH3_2,Ph
Hf_TS_11=Et_29=NO2_24=CF3.xyz,Et,NO2,CF3
Hf_TS_11=Et_29=NO2_24=Cl.xyz,Et,NO2,Cl
Hf_TS_11=Et_29=NO2_24=Et.xyz,Et,NO2,Et
Hf_TS_11=Et_29=NO2_24=F.xyz,Et,NO2,F
Hf_TS_11=Et_29=NO2_24=Me.xyz,Et,NO2,Me
Hf_TS_11=Et_29=NO2_24=NCH3_2.xyz,Et,NO2,NCH3_2
Hf_TS_11=Et_29=NO2_24=NO2.xyz,Et,NO2,NO2
Hf_TS_11=Et_29=NO2_24=OMe.xyz,Et,NO2,OMe
Hf_TS_11=Et_29=NO2_24=Ph.xyz,Et,NO2,Ph
Hf_TS_11=Et_29=OMe_24=CF3.xyz,Et,OMe,CF3
Hf_TS_11=Et_29=OMe_24=Cl.xyz,Et,OMe,Cl
Hf_TS_11=Et_29=OMe_24=Et.xyz,Et,OMe,Et
Hf_TS_11=Et_29=OMe_24=F.xyz,Et,OMe,F
Hf_TS_11=Et_29=OMe_24=Me.xyz,Et,OMe,Me
Hf_TS_11=Et_29=OMe_24=NCH3_2.xyz,Et,OMe,NCH3_2
Hf_TS_11=Et_29=OMe_24=NO2.xyz,Et,OMe,NO2
Hf_TS_11=Et_29=OMe_24=OMe.xyz,Et,OMe,OMe
Hf_TS_11=Et_29=OMe_24=Ph.xyz,Et,OMe,Ph
Hf_TS_11=Et_29=Ph_24=CF3.xyz,Et,Ph,CF3
Hf_TS_11=Et_29=Ph_24=Cl.xyz,Et,Ph,Cl
Hf_TS_11=Et_29=Ph_24=Et.xyz,Et,Ph,Et
Hf_TS_11=Et_29=Ph_24=F.xyz,Et,Ph,F
Hf_TS_11=Et_29=Ph_24=Me.xyz,Et,Ph,Me
Hf_TS_11=Et_29=Ph_24=NCH3_2.xyz,Et,Ph,NCH3_2
Hf_TS_11=Et_29=Ph_24=NO2.xyz,Et,Ph,NO2
Hf_TS_11=Et_29=Ph_24=OMe.xyz,Et,Ph,OMe
Hf_TS_11=Et_29=Ph_24=Ph.xyz,Et,Ph,Ph
Hf_TS_11=F_29=CF3_24=CF3.xyz,F,CF3,CF3
Hf_TS_11=F_29=CF3_24=Cl.xyz,F,CF3,Cl
Hf_TS_11=F_29=CF3_24=Et.xyz,F,CF3,Et
Hf_TS_11=F_29=CF3_24=F.xyz,F,CF3,F
Hf_TS_11=F_29=CF3_24=Me.xyz,F,CF3,Me
Hf_TS_11=F_29=CF3_24=NCH3_2.xyz,F,CF3,NCH3_2
Hf_TS_11=F_29=CF3_24=NO2.xyz,F,CF3,NO2
Hf_TS_11=F_29=CF3_24=OMe.xyz,F,CF3,OMe
Hf_TS_11=F_29=CF3_24=Ph.xyz,F,CF3,Ph
Hf_TS_11=F_29=Cl_24=CF3.xyz,F,Cl,CF3
Hf_TS_11=F_29=Cl_24=Cl.xyz,F,Cl,Cl
Hf_TS_11=F_29=Cl_24=Et.xyz,F,Cl,Et
Hf_TS_11=F_29=Cl_24=F.xyz,F,Cl,F
Hf_TS_11=F_29=Cl_24=Me.xyz,F,Cl,Me
Hf_TS_11=F_29=Cl_24=NCH3_2.xyz,F,Cl,NCH3_2
Hf_TS_11=F_29=Cl_24=NO2.xyz,F,Cl,NO2
Hf_TS_11=F_29=Cl_24=OMe.xyz,F,Cl,OMe
Hf_TS_11=F_29=Cl_24=Ph.xyz,F,Cl,Ph
Hf_TS_11=F_29=Et_24=CF3.xyz,F,Et,CF3
Hf_TS_11=F_29=Et_24=Cl.xyz,F,Et,Cl
Hf_TS_11=F_29=Et_24=Et.xyz,F,Et,Et
Hf_TS_11=F_29=Et_24=F.xyz,F,Et,F
Hf_TS_11=F_29=Et_24=Me.xyz,F,Et,Me
Hf_TS_11=F_29=Et_24=NCH3_2.xyz,F,Et,NCH3_2
Hf_TS_11=F_29=Et_24=NO2.xyz,F,Et,NO2
Hf_TS_11=F_29=Et_24=OMe.xyz,F,Et,OMe
Hf_TS_11=F_29=Et_24=Ph.xyz,F,Et,Ph
Hf_TS_11=F_29=F_24=CF3.xyz,F,F,CF3
Hf_TS_11=F_29=F_24=Cl.xyz,F,F,Cl
Hf_TS_11=F_29=F_24=Et.xyz,F,F,Et
Hf_TS_11=F_29=F_24=F.xyz,F,F,F
Hf_TS_11=F_29=F_24=Me.xyz,F,F,Me
Hf_TS_11=F_29=F_24=NCH3_2.xyz,F,F,NCH3_2
Hf_TS_11=F_29=F_24=NO2.xyz,F,F,NO2
Hf_TS_11=F_29=F_24=OMe.xyz,F,F,OMe
Hf_TS_11=F_29=F_24=Ph.xyz,F,F,Ph
Hf_TS_11=F_29=Me_24=CF3.xyz,F,Me,CF3
Hf_TS_11=F_29=Me_24=Cl.xyz,F,Me,Cl
Hf_TS_11=F_29=Me_24=Et.xyz,F,Me,Et
Hf_TS_11=F_29=Me_24=F.xyz,F,Me,F
Hf_TS_11=F_29=Me_24=Me.xyz,F,Me,Me
Hf_TS_11=F_29=Me_24=NCH3_2.xyz,F,Me,NCH3_2
Hf_TS_11=F_29=Me_24=NO2.xyz,F,Me,NO2
Hf_TS_11=F_29=Me_24=OMe.xyz,F,Me,OMe
Hf_TS_11=F_29=Me_24=Ph.xyz,F,Me,Ph
Hf_TS_11=F_29=NCH3_2_24=CF3.xyz,F,NCH3_2,CF3
Hf_TS_11=F_29=NCH3_2_24=Cl.xyz,F,NCH3_2,Cl
Hf_TS_11=F_29=NCH3_2_24=Et.xyz,F,NCH3_2,Et
Hf_TS_11=F_29=NCH3_2_24=F.xyz,F,NCH3_2,F
Hf_TS_11=F_29=NCH3_2_24=Me.xyz,F,NCH3_2,Me
Hf_TS_11=F_29=NCH3_2_24=NCH3_2.xyz,F,NCH3_2,NCH3_2
Hf_TS_11=F_29=NCH3_2_24=NO2.xyz,F,NCH3_2,NO2
Hf_TS_11=F_29=NCH3_2_24=OMe.xyz,F,NCH3_2,OMe
Hf_TS_11=F_29=NCH3_2_24=Ph.xyz,F,NCH3_2,Ph
Hf_TS_11=F_29=NO2_24=CF3.xyz,F,NO2,CF3
Hf_TS_11=F_29=NO2_24=Cl.xyz,F,NO2,Cl
Hf_TS_11=F_29=NO2_24=Et.xyz,F,NO2,Et
Hf_TS_11=F_29=NO2_24=F.xyz,F,NO2,F
Hf_TS_11=F_29=NO2_24=Me.xyz,F,NO2,Me
Hf_TS_11=F_29=NO2_24=NCH3_2.xyz,F,NO2,NCH3_2
Hf_TS_11=F_29=NO2_24=NO2.xyz,F,NO2,NO2
Hf_TS_11=F_29=NO2_24=OMe.xyz,F,NO2,OMe
Hf_TS_11=F_29=NO2_24=Ph.xyz,F,NO2,Ph
Hf_TS_11=F_29=OMe_24=CF3.xyz,F,OMe,CF3
Hf_TS_11=F_29=OMe_24=Cl.xyz,F,OMe,Cl
Hf_TS_11=F_29=OMe_24=Et.xyz,F,OMe,Et
Hf_TS_11=F_29=OMe_24=F.xyz,F,OMe,F
Hf_TS_11=F_29=OMe_24=Me.xyz,F,OMe,Me
Hf_TS_11=F_29=OMe_24=NCH3_2.xyz,F,OMe,NCH3_2
Hf_TS_11=F_29=OMe_24=NO2.xyz,F,OMe,NO2
Hf_TS_11=F_29=OMe_24=OMe.xyz,F,OMe,OMe
Hf_TS_11=F_29=OMe_24=Ph.xyz,F,OMe,Ph
Hf_TS_11=F_29=Ph_24=CF3.xyz,F,Ph,CF3
Hf_TS_11=F_29=Ph_24=Cl.xyz,F,Ph,Cl
Hf_TS_11=F_29=Ph_24=Et.xyz,F,Ph,Et
Hf_TS_11=F_29=Ph_24=F.xyz,F,Ph,F
Hf_TS_11=F_29=Ph_24=Me.xyz,F,Ph,Me
Hf_TS_11=F_29=Ph_24=NCH3_2.xyz,F,Ph,NCH3_2
Hf_TS_11=F_29=Ph_24=NO2.xyz,F,Ph,NO2
Hf_TS_11=F_29=Ph_24=OMe.xyz,F,Ph,OMe
Hf_TS_11=F_29=Ph_24=Ph.xyz,F,Ph,Ph
Hf_TS_11=Me_29=CF3_24=CF3.xyz,Me,CF3,CF3
Hf_TS_11=Me_29=CF3_24=Cl.xyz,Me,CF3,Cl
Hf_TS_11=Me_29=CF3_24=Et.xyz,Me,CF3,Et
Hf_TS_11=Me_29=CF3_24=F.xyz,Me,CF3,F
Hf_TS_11=Me_29=CF3_24=Me.xyz,Me,CF3,Me
Hf_TS_11=Me_29=CF3_24=NCH3_2.xyz,Me,CF3,NCH3_2
Hf_TS_11=Me_29=CF3_24=NO2.xyz,Me,CF3,NO2
Hf_TS_11=Me_29=CF3_24=OMe.xyz,Me,CF3,OMe
Hf_TS_11=Me_29=CF3_24=Ph.xyz,Me,CF3,Ph
Hf_TS_11=Me_29=Cl_24=CF3.xyz,Me,Cl,CF3
Hf_TS_11=Me_29=Cl_24=Cl.xyz,Me,Cl,Cl
Hf_TS_11=Me_29=Cl_24=Et.xyz,Me,Cl,Et
Hf_TS_11=Me_29=Cl_24=F.xyz,Me,Cl,F
Hf_TS_11=Me_29=Cl_24=Me.xyz,Me,Cl,Me
Hf_TS_11=Me_29=Cl_24=NCH3_2.xyz,Me,Cl,NCH3_2
Hf_TS_11=Me_29=Cl_24=NO2.xyz,Me,Cl,NO2
Hf_TS_11=Me_29=Cl_24=OMe.xyz,Me,Cl,OMe
Hf_TS_11=Me_29=Cl_24=Ph.xyz,Me,Cl,Ph
Hf_TS_11=Me_29=Et_24=CF3.xyz,Me,Et,CF3
Hf_TS_11=Me_29=Et_24=Cl.xyz,Me,Et,Cl
Hf_TS_11=Me_29=Et_24=Et.xyz,Me,Et,Et
Hf_TS_11=Me_29=Et_24=F.xyz,Me,Et,F
Hf_TS_11=Me_29=Et_24=Me.xyz,Me,Et,Me
Hf_TS_11=Me_29=Et_24=NCH3_2.xyz,Me,Et,NCH3_2
Hf_TS_11=Me_29=Et_24=NO2.xyz,Me,Et,NO2
Hf_TS_11=Me_29=Et_24=OMe.xyz,Me,Et,OMe
Hf_TS_11=Me_29=Et_24=Ph.xyz,Me,Et,Ph
Hf_TS_11=Me_29=F_24=CF3.xyz,Me,F,CF3
Hf_TS_11=Me_29=F_24=Cl.xyz,Me,F,Cl
Hf_TS_11=Me_29=F_24=Et.xyz,Me,F,Et
Hf_TS_11=Me_29=F_24=F.xyz,Me,F,F
Hf_TS_11=Me_29=F_24=Me.xyz,Me,F,Me
Hf_TS_11=Me_29=F_24=NCH3_2.xyz,Me,F,NCH3_2
Hf_TS_11=Me_29=F_24=NO2.xyz,Me,F,NO2
Hf_TS_11=Me_29=F_24=OMe.xyz,Me,F,OMe
Hf_TS_11=Me_29=F_24=Ph.xyz,Me,F,Ph
Hf_TS_11=Me_29=Me_24=CF3.xyz,Me,Me,CF3
Hf_TS_11=Me_29=Me_24=Cl.xyz,Me,Me,Cl
Hf_TS_11=Me_29=Me_24=Et.xyz,Me,Me,Et
Hf_TS_11=Me_29=Me_24=F.xyz,Me,Me,F
Hf_TS_11=Me_29=Me_24=Me.xyz,Me,Me,Me
Hf_TS_11=Me_29=Me_24=NCH3_2.xyz,Me,Me,NCH3_2
Hf_TS_11=Me_29=Me_24=NO2.xyz,Me,Me,NO2
Hf_TS_11=Me_29=Me_24=OMe.xyz,Me,Me,OMe
Hf_TS_11=Me_29=Me_24=Ph.xyz,Me,Me,Ph
Hf_TS_11=Me_29=NCH3_2_24=CF3.xyz,Me,NCH3_2,CF3
Hf_TS_11=Me_29=NCH3_2_24=Cl.xyz,Me,NCH3_2,Cl
Hf_TS_11=Me_29=NCH3_2_24=Et.xyz,Me,NCH3_2,Et
Hf_TS_11=Me_29=NCH3_2_24=F.xyz,Me,NCH3_2,F
Hf_TS_11=Me_29=NCH3_2_24=Me.xyz,Me,NCH3_2,Me
Hf_TS_11=Me_29=NCH3_2_24=NCH3_2.xyz,Me,NCH3_2,NCH3_2
Hf_TS_11=Me_29=NCH3_2_24=NO2.xyz,Me,NCH3_2,NO2
Hf_TS_11=Me_29=NCH3_2_24=OMe.xyz,Me,NCH3_2,OMe
Hf_TS_11=Me_29=NCH3_2_24=Ph.xyz,Me,NCH3_2,Ph
Hf_TS_11=Me_29=NO2_24=CF3.xyz,Me,NO2,CF3
Hf_TS_11=Me_29=NO2_24=Cl.xyz,Me,NO2,Cl
Hf_TS_11=Me_29=NO2_24=Et.xyz,Me,NO2,Et
Hf_TS_11=Me_29=NO2_24=F.xyz,Me,NO2,F
Hf_TS_11=Me_29=NO2_24=Me.xyz,Me,NO2,Me
Hf_TS_11=Me_29=NO2_24=NCH3_2.xyz,Me,NO2,NCH3_2
Hf_TS_11=Me_29=NO2_24=NO2.xyz,Me,NO2,NO2
Hf_TS_11=Me_29=NO2_24=OMe.xyz,Me,NO2,OMe
Hf_TS_11=Me_29=NO2_24=Ph.xyz,Me,NO2,Ph
Hf_TS_11=Me_29=OMe_24=CF3.xyz,Me,OMe,CF3
Hf_TS_11=Me_29=OMe_24=Cl.xyz,Me,OMe,Cl
Hf_TS_11=Me_29=OMe_24=Et.xyz,Me,OMe,Et
Hf_TS_11=Me_29=OMe_24=F.xyz,Me,OMe,F
Hf_TS_11=Me_29=OMe_24=Me.xyz,Me,OMe,Me
Hf_TS_11=Me_29=OMe_24=NCH3_2.xyz,Me,OMe,NCH3_2
Hf_TS_11=Me_29=OMe_24=NO2.xyz,Me,OMe,NO2
Hf_TS_11=Me_29=OMe_24=OMe.xyz,Me,OMe,OMe
Hf_TS_11=Me_29=OMe_24=Ph.xyz,Me,OMe,Ph
Hf_TS_11=Me_29=Ph_24=CF3.xyz,Me,Ph,CF3
Hf_TS_11=Me_29=Ph_24=Cl.xyz,Me,Ph,Cl
Hf_TS_11=Me_29=Ph_24=Et.xyz,Me,Ph,Et
Hf_TS_11=Me_29=Ph_24=F.xyz,Me,Ph,F
Hf_TS_11=Me_29=Ph_24=Me.xyz,Me,Ph,Me
Hf_TS_11=Me_29=Ph_24=NCH3_2.xyz,Me,Ph,NCH3_2
Hf_TS_11=Me_29=Ph_24=NO2.xyz,Me,Ph,NO2
Hf_TS_11=Me_29=Ph_24=OMe.xyz,Me,Ph,OMe
Hf_TS_11=Me_29=Ph_24=Ph.xyz,Me,Ph,Ph
Hf_TS_11=NCH3_2_29=CF3_24=CF3.xyz,NCH3_2,CF3,CF3
Hf_TS_11=NCH3_2_29=CF3_24=Cl.xyz,NCH3_2,CF3,Cl
Hf_TS_11=NCH3_2_29=CF3_24=Et.xyz,NCH3_2,CF3,Et
Hf_TS_11=NCH3_2_29=CF3_24=F.xyz,NCH3_2,CF3,F
Hf_TS_11=NCH3_2_29=CF3_24=Me.xyz,NCH3_2,CF3,Me
Hf_TS_11=NCH3_2_29=CF3_24=NCH3_2.xyz,NCH3_2,CF3,NCH3_2
Hf_TS_11=NCH3_2_29=CF3_24=NO2.xyz,NCH3_2,CF3,NO2
Hf_TS_11=NCH3_2_29=CF3_24=OMe.xyz,NCH3_2,CF3,OMe
Hf_TS_11=NCH3_2_29=CF3_24=Ph.xyz,NCH3_2,CF3,Ph
Hf_TS_11=NCH3_2_29=Cl_24=CF3.xyz,NCH3_2,Cl,CF3
Hf_TS_11=NCH3_2_29=Cl_24=Cl.xyz,NCH3_2,Cl,Cl
Hf_TS_11=NCH3_2_29=Cl_24=Et.xyz,NCH3_2,Cl,Et
Hf_TS_11=NCH3_2_29=Cl_24=F.xyz,NCH3_2,Cl,F
Hf_TS_11=NCH3_2_29=Cl_24=Me.xyz,NCH3_2,Cl,Me
Hf_TS_11=NCH3_2_29=Cl_24=NCH3_2.xyz,NCH3_2,Cl,NCH3_2
Hf_TS_11=NCH3_2_29=Cl_24=NO2.xyz,NCH3_2,Cl,NO2
Hf_TS_11=NCH3_2_29=Cl_24=OMe.xyz,NCH3_2,Cl,OMe
Hf_TS_11=NCH3_2_29=Cl_24=Ph.xyz,NCH3_2,Cl,Ph
Hf_TS_11=NCH3_2_29=Et_24=CF3.xyz,NCH3_2,Et,CF3
Hf_TS_11=NCH3_2_29=Et_24=Cl.xyz,NCH3_2,Et,Cl
Hf_TS_11=NCH3_2_29=Et_24=Et.xyz,NCH3_2,Et,Et
Hf_TS_11=NCH3_2_29=Et_24=F.xyz,NCH3_2,Et,F
Hf_TS_11=NCH3_2_29=Et_24=Me.xyz,NCH3_2,Et,Me
Hf_TS_11=NCH3_2_29=Et_24=NCH3_2.xyz,NCH3_2,Et,NCH3_2
Hf_TS_11=NCH3_2_29=Et_24=NO2.xyz,NCH3_2,Et,NO2
Hf_TS_11=NCH3_2_29=Et_24=OMe.xyz,NCH3_2,Et,OMe
Hf_TS_11=NCH3_2_29=Et_24=Ph.xyz,NCH3_2,Et,Ph
Hf_TS_11=NCH3_2_29=F_24=CF3.xyz,NCH3_2,F,CF3
Hf_TS_11=NCH3_2_29=F_24=Cl.xyz,NCH3_2,F,Cl
Hf_TS_11=NCH3_2_29=F_24=Et.xyz,NCH3_2,F,Et
Hf_TS_11=NCH3_2_29=F_24=F.xyz,NCH3_2,F,F
Hf_TS_11=NCH3_2_29=F_24=Me.xyz,NCH3_2,F,Me
Hf_TS_11=NCH3_2_29=F_24=NCH3_2.xyz,NCH3_2,F,NCH3_2
Hf_TS_11=NCH3_2_29=F_24=NO2.xyz,NCH3_2,F,NO2
Hf_TS_11=NCH3_2_29=F_24=OMe.xyz,NCH3_2,F,OMe
Hf_TS_11=NCH3_2_29=F_24=Ph.xyz,NCH3_2,F,Ph
Hf_TS_11=NCH3_2_29=Me_24=CF3.xyz,NCH3_2,Me,CF3
Hf_TS_11=NCH3_2_29=Me_24=Cl.xyz,NCH3_2,Me,Cl
Hf_TS_11=NCH3_2_29=Me_24=Et.xyz,NCH3_2,Me,Et
Hf_TS_11=NCH3_2_29=Me_24=F.xyz,NCH3_2,Me,F
Hf_TS_11=NCH3_2_29=Me_24=Me.xyz,NCH3_2,Me,Me
Hf_TS_11=NCH3_2_29=Me_24=NCH3_2.xyz,NCH3_2,Me,NCH3_2
Hf_TS_11=NCH3_2_29=Me_24=NO2.xyz,NCH3_2,Me,NO2
Hf_TS_11=NCH3_2_29=Me_24=OMe.xyz,NCH3_2,Me,OMe
Hf_TS_11=NCH3_2_29=Me_24=Ph.xyz,NCH3_2,Me,Ph
Hf_TS_11=NCH3_2_29=NCH3_2_24=CF3.xyz,NCH3_2,NCH3_2,CF3
Hf_TS_11=NCH3_2_29=NCH3_2_24=Cl.xyz,NCH3_2,NCH3_2,Cl
Hf_TS_11=NCH3_2_29=NCH3_2_24=Et.xyz,NCH3_2,NCH3_2,Et
Hf_TS_11=NCH3_2_29=NCH3_2_24=F.xyz,NCH3_2,NCH3_2,F
Hf_TS_11=NCH3_2_29=NCH3_2_24=Me.xyz,NCH3_2,NCH3_2,Me
Hf_TS_11=NCH3_2_29=NCH3_2_24=NCH3_2.xyz,NCH3_2,NCH3_2,NCH3_2
Hf_TS_11=NCH3_2_29=NCH3_2_24=NO2.xyz,NCH3_2,NCH3_2,NO2
Hf_TS_11=NCH3_2_29=NCH3_2_24=OMe.xyz,NCH3_2,NCH3_2,OMe
Hf_TS_11=NCH3_2_29=NCH3_2_24=Ph.xyz,NCH3_2,NCH3_2,Ph
Hf_TS_11=NCH3_2_29=NO2_24=CF3.xyz,NCH3_2,NO2,CF3
Hf_TS_11=NCH3_2_29=NO2_24=Cl.xyz,NCH3_2,NO2,Cl
Hf_TS_11=NCH3_2_29=NO2_24=Et.xyz,NCH3_2,NO2,Et
Hf_TS_11=NCH3_2_29=NO2_24=F.xyz,NCH3_2,NO2,F
Hf_TS_11=NCH3_2_29=NO2_24=Me.xyz,NCH3_2,NO2,Me
Hf_TS_11=NCH3_2_29=NO2_24=NCH3_2.xyz,NCH3_2,NO2,NCH3_2
Hf_TS_11=NCH3_2_29=NO2_24=NO2.xyz,NCH3_2,NO2,NO2
Hf_TS_11=NCH3_2_29=NO2_24=OMe.xyz,NCH3_2,NO2,OMe
Hf_TS_11=NCH3_2_29=NO2_24=Ph.xyz,NCH3_2,NO2,Ph
Hf_TS_11=NCH3_2_29=OMe_24=CF3.xyz,NCH3_2,OMe,CF3
Hf_TS_11=NCH3_2_29=OMe_24=Cl.xyz,NCH3_2,OMe,Cl
Hf_TS_11=NCH3_2_29=OMe_24=Et.xyz,NCH3_2,OMe,Et
Hf_TS_11=NCH3_2_29=OMe_24=F.xyz,NCH3_2,OMe,F
Hf_TS_11=NCH3_2_29=OMe_24=Me.xyz,NCH3_2,OMe,Me
Hf_TS_11=NCH3_2_29=OMe_24=NCH3_2.xyz,NCH3_2,OMe,NCH3_2
Hf_TS_11=NCH3_2_29=OMe_24=NO2.xyz,NCH3_2,OMe,NO2
Hf_TS_11=NCH3_2_29=OMe_24=OMe.xyz,NCH3_2,OMe,OMe
Hf_TS_11=NCH3_2_29=OMe_24=Ph.xyz,NCH3_2,OMe,Ph
Hf_TS_11=NCH3_2_29=Ph_24=CF3.xyz,NCH3_2,Ph,CF3
Hf_TS_11=NCH3_2_29=Ph_24=Cl.xyz,NCH3_2,Ph,Cl
Hf_TS_11=NCH3_2_29=Ph_24=Et.xyz,NCH3_2,Ph,Et
Hf_TS_11=NCH3_2_29=Ph_24=F.xyz,NCH3_2,Ph,F
Hf_TS_11=NCH3_2_29=Ph_24=Me.xyz,NCH3_2,Ph,Me
Hf_TS_11=NCH3_2_29=Ph_24=NCH3_2.xyz,NCH3_2,Ph,NCH3_2
Hf_TS_11=NCH3_2_29=Ph_24=NO2.xyz,NCH3_2,Ph,NO2
Hf_TS_11=NCH3_2_29=Ph_24=OMe.xyz,NCH3_2,Ph,OMe
Hf_TS_11=NCH3_2_29=Ph_24=Ph.xyz,NCH3_2,Ph,Ph
Hf_TS_11=NO2_29=CF3_24=CF3.xyz,NO2,CF3,CF3
Hf_TS_11=NO2_29=CF3_24=Cl.xyz,NO2,CF3,Cl
Hf_TS_11=NO2_29=CF3_24=Et.xyz,NO2,CF3,Et
Hf_TS_11=NO2_29=CF3_24=F.xyz,NO2,CF3,F
Hf_TS_11=NO2_29=CF3_24=Me.xyz,NO2,CF3,Me
Hf_TS_11=NO2_29=CF3_24=NCH3_2.xyz,NO2,CF3,NCH3_2
Hf_TS_11=NO2_29=CF3_24=NO2.xyz,NO2,CF3,NO2
Hf_TS_11=NO2_29=CF3_24=OMe.xyz,NO2,CF3,OMe
Hf_TS_11=NO2_29=CF3_24=Ph.xyz,NO2,CF3,Ph
Hf_TS_11=NO2_29=Cl_24=CF3.xyz,NO2,Cl,CF3
Hf_TS_11=NO2_29=Cl_24=Cl.xyz,NO2,Cl,Cl
Hf_TS_11=NO2_29=Cl_24=Et.xyz,NO2,Cl,Et
Hf_TS_11=NO2_29=Cl_24=F.xyz,NO2,Cl,F
Hf_TS_11=NO2_29=Cl_24=Me.xyz,NO2,Cl,Me
Hf_TS_11=NO2_29=Cl_24=NCH3_2.xyz,NO2,Cl,NCH3_2
Hf_TS_11=NO2_29=Cl_24=NO2.xyz,NO2,Cl,NO2
Hf_TS_11=NO2_29=Cl_24=OMe.xyz,NO2,Cl,OMe
Hf_TS_11=NO2_29=Cl_24=Ph.xyz,NO2,Cl,Ph
Hf_TS_11=NO2_29=Et_24=CF3.xyz,NO2,Et,CF3
Hf_TS_11=NO2_29=Et_24=Cl.xyz,NO2,Et,Cl
Hf_TS_11=NO2_29=Et_24=Et.xyz,NO2,Et,Et
Hf_TS_11=NO2_29=Et_24=F.xyz,NO2,Et,F
Hf_TS_11=NO2_29=Et_24=Me.xyz,NO2,Et,Me
Hf_TS_11=NO2_29=Et_24=NCH3_2.xyz,NO2,Et,NCH3_2
Hf_TS_11=NO2_29=Et_24=NO2.xyz,NO2,Et,NO2
Hf_TS_11=NO2_29=Et_24=OMe.xyz,NO2,Et,OMe
Hf_TS_11=NO2_29=Et_24=Ph.xyz,NO2,Et,Ph
Hf_TS_11=NO2_29=F_24=CF3.xyz,NO2,F,CF3
Hf_TS_11=NO2_29=F_24=Cl.xyz,NO2,F,Cl
Hf_TS_11=NO2_29=F_24=Et.xyz,NO2,F,Et
Hf_TS_11=NO2_29=F_24=F.xyz,NO2,F,F
Hf_TS_11=NO2_29=F_24=Me.xyz,NO2,F,Me
Hf_TS_11=NO2_29=F_24=NCH3_2.xyz,NO2,F,NCH3_2
Hf_TS_11=NO2_29=F_24=NO2.xyz,NO2,F,NO2
Hf_TS_11=NO2_29=F_24=OMe.xyz,NO2,F,OMe
Hf_TS_11=NO2_29=F_24=Ph.xyz,NO2,F,Ph
Hf_TS_11=NO2_29=Me_24=CF3.xyz,NO2,Me,CF3
Hf_TS_11=NO2_29=Me_24=Cl.xyz,NO2,Me,Cl
Hf_TS_11=NO2_29=Me_24=Et.xyz,NO2,Me,Et
Hf_TS_11=NO2_29=Me_24=F.xyz,NO2,Me,F
Hf_TS_11=NO2_29=Me_24=Me.xyz,NO2,Me,Me
Hf_TS_11=NO2_29=Me_24=NCH3_2.xyz,NO2,Me,NCH3_2
Hf_TS_11=NO2_29=Me_24=NO2.xyz,NO2,Me,NO2
Hf_TS_11=NO2_29=Me_24=OMe.xyz,NO2,Me,OMe
Hf_TS_11=NO2_29=Me_24=Ph.xyz,NO2,Me,Ph
Hf_TS_11=NO2_29=NCH3_2_24=CF3.xyz,NO2,NCH3_2,CF3
Hf_TS_11=NO2_29=NCH3_2_24=Cl.xyz,NO2,NCH3_2,Cl
Hf_TS_11=NO2_29=NCH3_2_24=Et.xyz,NO2,NCH3_2,Et
Hf_TS_11=NO2_29=NCH3_2_24=F.xyz,NO2,NCH3_2,F
Hf_TS_11=NO2_29=NCH3_2_24=Me.xyz,NO2,NCH3_2,Me
Hf_TS_11=NO2_29=NCH3_2_24=NCH3_2.xyz,NO2,NCH3_2,NCH3_2
Hf_TS_11=NO2_29=NCH3_2_24=NO2.xyz,NO2,NCH3_2,NO2
Hf_TS_11=NO2_29=NCH3_2_24=OMe.xyz,NO2,NCH3_2,OMe
Hf_TS_11=NO2_29=NCH3_2_24=Ph.xyz,NO2,NCH3_2,Ph
Hf_TS_11=NO2_29=NO2_24=CF3.xyz,NO2,NO2,CF3
Hf_TS_11=NO2_29=NO2_24=Cl.xyz,NO2,NO2,Cl
Hf_TS_11=NO2_29=NO2_24=Et.xyz,NO2,NO2,Et
Hf_TS_11=NO2_29=NO2_24=F.xyz,NO2,NO2,F
Hf_TS_11=NO2_29=NO2_24=Me.xyz,NO2,NO2,Me
Hf_TS_11=NO2_29=NO2_24=NCH3_2.xyz,NO2,NO2,NCH3_2
Hf_TS_11=NO2_29=NO2_24=NO2.xyz,NO2,NO2,NO2
Hf_TS_11=NO2_29=NO2_24=OMe.xyz,NO2,NO2,OMe
Hf_TS_11=NO2_29=NO2_24=Ph.xyz,NO2,NO2,Ph
Hf_TS_11=NO2_29=OMe_24=CF3.xyz,NO2,OMe,CF3
Hf_TS_11=NO2_29=OMe_24=Cl.xyz,NO2,OMe,Cl
Hf_TS_11=NO2_29=OMe_24=Et.xyz,NO2,OMe,Et
Hf_TS_11=NO2_29=OMe_24=F.xyz,NO2,OMe,F
Hf_TS_11=NO2_29=OMe_24=Me.xyz,NO2,OMe,Me
Hf_TS_11=NO2_29=OMe_24=NCH3_2.xyz,NO2,OMe,NCH3_2
Hf_TS_11=NO2_29=OMe_24=NO2.xyz,NO2,OMe,NO2
Hf_TS_11=NO2_29=OMe_24=OMe.xyz,NO2,OMe,OMe
Hf_TS_11=NO2_29=OMe_24=Ph.xyz,NO2,OMe,Ph
Hf_TS_11=NO2_29=Ph_24=CF3.xyz,NO2,Ph,CF3
Hf_TS_11=NO2_29=Ph_24=Cl.xyz,NO2,Ph,Cl
Hf_TS_11=NO2_29=Ph_24=Et.xyz,NO2,Ph,Et
Hf_TS_11=NO2_29=Ph_24=F.xyz,NO2,Ph,F
Hf_TS_11=NO2_29=Ph_24=Me.xyz,NO2,Ph,Me
Hf_TS_11=NO2_29=Ph_24=NCH3_2.xyz,NO2,Ph,NCH3_2
Hf_TS_11=NO2_29=Ph_24=NO2.xyz,NO2,Ph,NO2
Hf_TS_11=NO2_29=Ph_24=OMe.xyz,NO2,Ph,OMe
Hf_TS_11=NO2_29=Ph_24=Ph.xyz,NO2,Ph,Ph
Hf_TS_11=OMe_29=CF3_24=CF3.xyz,OMe,CF3,CF3
Hf_TS_11=OMe_29=CF3_24=Cl.xyz,OMe,CF3,Cl
Hf_TS_11=OMe_29=CF3_24=Et.xyz,OMe,CF3,Et
Hf_TS_11=OMe_29=CF3_24=F.xyz,OMe,CF3,F
Hf_TS_11=OMe_29=CF3_24=Me.xyz,OMe,CF3,Me
Hf_TS_11=OMe_29=CF3_24=NCH3_2.xyz,OMe,CF3,NCH3_2
Hf_TS_11=OMe_29=CF3_24=NO2.xyz,OMe,CF3,NO2
Hf_TS_11=OMe_29=CF3_24=OMe.xyz,OMe,CF3,OMe
Hf_TS_11=OMe_29=CF3_24=Ph.xyz,OMe,CF3,Ph
Hf_TS_11=OMe_29=Cl_24=CF3.xyz,OMe,Cl,CF3
Hf_TS_11=OMe_29=Cl_24=Cl.xyz,OMe,Cl,Cl
Hf_TS_11=OMe_29=Cl_24=Et.xyz,OMe,Cl,Et
Hf_TS_11=OMe_29=Cl_24=F.xyz,OMe,Cl,F
Hf_TS_11=OMe_29=Cl_24=Me.xyz,OMe,Cl,Me
Hf_TS_11=OMe_29=Cl_24=NCH3_2.xyz,OMe,Cl,NCH3_2
Hf_TS_11=OMe_29=Cl_24=NO2.xyz,OMe,Cl,NO2
Hf_TS_11=OMe_29=Cl_24=OMe.xyz,OMe,Cl,OMe
Hf_TS_11=OMe_29=Cl_24=Ph.xyz,OMe,Cl,Ph
Hf_TS_11=OMe_29=Et_24=CF3.xyz,OMe,Et,CF3
Hf_TS_11=OMe_29=Et_24=Cl.xyz,OMe,Et,Cl
Hf_TS_11=OMe_29=Et_24=Et.xyz,OMe,Et,Et
Hf_TS_11=OMe_29=Et_24=F.xyz,OMe,Et,F
Hf_TS_11=OMe_29=Et_24=Me.xyz,OMe,Et,Me
Hf_TS_11=OMe_29=Et_24=NCH3_2.xyz,OMe,Et,NCH3_2
Hf_TS_11=OMe_29=Et_24=NO2.xyz,OMe,Et,NO2
Hf_TS_11=OMe_29=Et_24=OMe.xyz,OMe,Et,OMe
Hf_TS_11=OMe_29=Et_24=Ph.xyz,OMe,Et,Ph
Hf_TS_11=OMe_29=F_24=CF3.xyz,OMe,F,CF3
Hf_TS_11=OMe_29=F_24=Cl.xyz,OMe,F,Cl
Hf_TS_11=OMe_29=F_24=Et.xyz,OMe,F,Et
Hf_TS_11=OMe_29=F_24=F.xyz,OMe,F,F
Hf_TS_11=OMe_29=F_24=Me.xyz,OMe,F,Me
Hf_TS_11=OMe_29=F_24=NCH3_2.xyz,OMe,F,NCH3_2
Hf_TS_11=OMe_29=F_24=NO2.xyz,OMe,F,NO2
Hf_TS_11=OMe_29=F_24=OMe.xyz,OMe,F,OMe
Hf_TS_11=OMe_29=F_24=Ph.xyz,OMe,F,Ph
Hf_TS_11=OMe_29=Me_24=CF3.xyz,OMe,Me,CF3
Hf_TS_11=OMe_29=Me_24=Cl.xyz,OMe,Me,Cl
Hf_TS_11=OMe_29=Me_24=Et.xyz,OMe,Me,Et
Hf_TS_11=OMe_29=Me_24=F.xyz,OMe,Me,F
Hf_TS_11=OMe_29=Me_24=Me.xyz,OMe,Me,Me
Hf_TS_11=OMe_29=Me_24=NCH3_2.xyz,OMe,Me,NCH3_2
Hf_TS_11=OMe_29=Me_24=NO2.xyz,OMe,Me,NO2
Hf_TS_11=OMe_29=Me_24=OMe.xyz,OMe,Me,OMe
Hf_TS_11=OMe_29=Me_24=Ph.xyz,OMe,Me,Ph
Hf_TS_11=OMe_29=NCH3_2_24=CF3.xyz,OMe,NCH3_2,CF3
Hf_TS_11=OMe_29=NCH3_2_24=Cl.xyz,OMe,NCH3_2,Cl
Hf_TS_11=OMe_29=NCH3_2_24=Et.xyz,OMe,NCH3_2,Et
Hf_TS_11=OMe_29=NCH3_2_24=F.xyz,OMe,NCH3_2,F
Hf_TS_11=OMe_29=NCH3_2_24=Me.xyz,OMe,NCH3_2,Me
Hf_TS_11=OMe_29=NCH3_2_24=NCH3_2.xyz,OMe,NCH3_2,NCH3_2
Hf_TS_11=OMe_29=NCH3_2_24=NO2.xyz,OMe,NCH3_2,NO2
Hf_TS_11=OMe_29=NCH3_2_24=OMe.xyz,OMe,NCH3_2,OMe
Hf_TS_11=OMe_29=NCH3_2_24=Ph.xyz,OMe,NCH3_2,Ph
Hf_TS_11=OMe_29=NO2_24=CF3.xyz,OMe,NO2,CF3
Hf_TS_11=OMe_29=NO2_24=Cl.xyz,OMe,NO2,Cl
Hf_TS_11=OMe_29=NO2_24=Et.xyz,OMe,NO2,Et
Hf_TS_11=OMe_29=NO2_24=F.xyz,OMe,NO2,F
Hf_TS_11=OMe_29=NO2_24=Me.xyz,OMe,NO2,Me
Hf_TS_11=OMe_29=NO2_24=NCH3_2.xyz,OMe,NO2,NCH3_2
Hf_TS_11=OMe_29=NO2_24=NO2.xyz,OMe,NO2,NO2
Hf_TS_11=OMe_29=NO2_24=OMe.xyz,OMe,NO2,OMe
Hf_TS_11=OMe_29=NO2_24=Ph.xyz,OMe,NO2,Ph
Hf_TS_11=OMe_29=OMe_24=CF3.xyz,OMe,OMe,CF3
Hf_TS_11=OMe_29=OMe_24=Cl.xyz,OMe,OMe,Cl
Hf_TS_11=OMe_29=OMe_24=Et.xyz,OMe,OMe,Et
Hf_TS_11=OMe_29=OMe_24=F.xyz,OMe,OMe,F
Hf_TS_11=OMe_29=OMe_24=Me.xyz,OMe,OMe,Me
Hf_TS_11=OMe_29=OMe_24=NCH3_2.xyz,OMe,OMe,NCH3_2
Hf_TS_11=OMe_29=OMe_24=NO2.xyz,OMe,OMe,NO2
Hf_TS_11=OMe_29=OMe_24=OMe.xyz,OMe,OMe,OMe
Hf_TS_11=OMe_29=OMe_24=Ph.xyz,OMe,OMe,Ph
Hf_TS_11=OMe_29=Ph_24=CF3.xyz,OMe,Ph,CF3
Hf_TS_11=OMe_29=Ph_24=Cl.xyz,OMe,Ph,Cl
Hf_TS_11=OMe_29=Ph_24=Et.xyz,OMe,Ph,Et
Hf_TS_11=OMe_29=Ph_24=F.xyz,OMe,Ph,F
Hf_TS_11=OMe_29=Ph_24=Me.xyz,OMe,Ph,Me
Hf_TS_11=OMe_29=Ph_24=NCH3_2.xyz,OMe,Ph,NCH3_2
Hf_TS_11=OMe_29=Ph_24=NO2.xyz,OMe,Ph,NO2
Hf_TS_11=OMe_29=Ph_24=OMe.xyz,OMe,Ph,OMe
Hf_TS_11=OMe_29=Ph_24=Ph.xyz,OMe,Ph,Ph
Hf_TS_11=Ph_29=CF3_24=CF3.xyz,Ph,CF3,CF3
Hf_TS_11=Ph_29=CF3_24=Cl.xyz,Ph,CF3,Cl
Hf_TS_11=Ph_29=CF3_24=Et.xyz,Ph,CF3,Et
Hf_TS_11=Ph_29=CF3_24=F.xyz,Ph,CF3,F
Hf_TS_11=Ph_29=CF3_24=Me.xyz,Ph,CF3,Me
Hf_TS_11=Ph_29=CF3_24=NCH3_2.xyz,Ph,CF3,NCH3_2
Hf_TS_11=Ph_29=CF3_24=NO2.xyz,Ph,CF3,NO2
Hf_TS_11=Ph_29=CF3_24=OMe.xyz,Ph,CF3,OMe
Hf_TS_11=Ph_29=CF3_24=Ph.xyz,Ph,CF3,Ph
Hf_TS_11=Ph_29=Cl_24=CF3.xyz,Ph,Cl,CF3
Hf_TS_11=Ph_29=Cl_24=Cl.xyz,Ph,Cl,Cl
Hf_TS_11=Ph_29=Cl_24=Et.xyz,Ph,Cl,Et
Hf_TS_11=Ph_29=Cl_24=F.xyz,Ph,Cl,F
Hf_TS_11=Ph_29=Cl_24=Me.xyz,Ph,Cl,Me
Hf_TS_11=Ph_29=Cl_24=NCH3_2.xyz,Ph,Cl,NCH3_2
Hf_TS_11=Ph_29=Cl_24=NO2.xyz,Ph,Cl,NO2
Hf_TS_11=Ph_29=Cl_24=OMe.xyz,Ph,Cl,OMe
Hf_TS_11=Ph_29=Cl_24=Ph.xyz,Ph,Cl,Ph
Hf_TS_11=Ph_29=Et_24=CF3.xyz,Ph,Et,CF3
Hf_TS_11=Ph_29=Et_24=Cl.xyz,Ph,Et,Cl
Hf_TS_11=Ph_29=Et_24=Et.xyz,Ph,Et,Et
Hf_TS_11=Ph_29=Et_24=F.xyz,Ph,Et,F
Hf_TS_11=Ph_29=Et_24=Me.xyz,Ph,Et,Me
Hf_TS_11=Ph_29=Et_24=NCH3_2.xyz,Ph,Et,NCH3_2
Hf_TS_11=Ph_29=Et_24=NO2.xyz,Ph,Et,NO2
Hf_TS_11=Ph_29=Et_24=OMe.xyz,Ph,Et,OMe
Hf_TS_11=Ph_29=Et_24=Ph.xyz,Ph,Et,Ph
Hf_TS_11=Ph_29=F_24=CF3.xyz,Ph,F,CF3
Hf_TS_11=Ph_29=F_24=Cl.xyz,Ph,F,Cl
Hf_TS_11=Ph_29=F_24=Et.xyz,Ph,F,Et
Hf_TS_11=Ph_29=F_24=F.xyz,Ph,F,F
Hf_TS_11=Ph_29=F_24=Me.xyz,Ph,F,Me
Hf_TS_11=Ph_29=F_24=NCH3_2.xyz,Ph,F,NCH3_2
Hf_TS_11=Ph_29=F_24=NO2.xyz,Ph,F,NO2
Hf_TS_11=Ph_29=F_24=OMe.xyz,Ph,F,OMe
Hf_TS_11=Ph_29=F_24=Ph.xyz,Ph,F,Ph
Hf_TS_11=Ph_29=Me_24=CF3.xyz,Ph,Me,CF3
Hf_TS_11=Ph_29=Me_24=Cl.xyz,Ph,Me,Cl
Hf_TS_11=Ph_29=Me_24=Et.xyz,Ph,Me,Et
Hf_TS_11=Ph_29=Me_24=F.xyz,Ph,Me,F
Hf_TS_11=Ph_29=Me_24=Me.xyz,Ph,Me,Me
Hf_TS_11=Ph_29=Me_24=NCH3_2.xyz,Ph,Me,NCH3_2
Hf_TS_11=Ph_29=Me_24=NO2.xyz,Ph,Me,NO2
Hf_TS_11=Ph_29=Me_24=OMe.xyz,Ph,Me,OMe
Hf_TS_11=Ph_29=Me_24=Ph.xyz,Ph,Me,Ph
Hf_TS_11=Ph_29=NCH3_2_24=CF3.xyz,Ph,NCH3_2,CF3
Hf_TS_11=Ph_29=NCH3_2_24=Cl.xyz,Ph,NCH3_2,Cl
Hf_TS_11=Ph_29=NCH3_2_24=Et.xyz,Ph,NCH3_2,Et
Hf_TS_11=Ph_29=NCH3_2_24=F.xyz,Ph,NCH3_2,F
Hf_TS_11=Ph_29=NCH3_2_24=Me.xyz,Ph,NCH3_2,Me
Hf_TS_11=Ph_29=NCH3_2_24=NCH3_2.xyz,Ph,NCH3_2,NCH3_2
Hf_TS_11=Ph_29=NCH3_2_24=NO2.xyz,Ph,NCH3_2,NO2
Hf_TS_11=Ph_29=NCH3_2_24=OMe.xyz,Ph,NCH3_2,OMe
Hf_TS_11=Ph_29=NCH3_2_24=Ph.xyz,Ph,NCH3_2,Ph
Hf_TS_11=Ph_29=NO2_24=CF3.xyz,Ph,NO2,CF3
Hf_TS_11=Ph_29=NO2_24=Cl.xyz,Ph,NO2,Cl
Hf_TS_11=Ph_29=NO2_24=Et.xyz,Ph,NO2,Et
Hf_TS_11=Ph_29=NO2_24=F.xyz,Ph,NO2,F
Hf_TS_11=Ph_29=NO2_24=Me.xyz,Ph,NO2,Me
Hf_TS_11=Ph_29=NO2_24=NCH3_2.xyz,Ph,NO2,NCH3_2
Hf_TS_11=Ph_29=NO2_24=NO2.xyz,Ph,NO2,NO2
Hf_TS_11=Ph_29=NO2_24=OMe.xyz,Ph,NO2,OMe
Hf_TS_11=Ph_29=NO2_24=Ph.xyz,Ph,NO2,Ph
Hf_TS_11=Ph_29=OMe_24=CF3.xyz,Ph,OMe,CF3
Hf_TS_11=Ph_29=OMe_24=Cl.xyz,Ph,OMe,Cl
Hf_TS_11=Ph_29=OMe_24=Et.xyz,Ph,OMe,Et
Hf_TS_11=Ph_29=OMe_24=F.xyz,Ph,OMe,F
Hf_TS_11=Ph_29=OMe_24=Me.xyz,Ph,OMe,Me
Hf_TS_11=Ph_29=OMe_24=NCH3_2.xyz,Ph,OMe,NCH3_2
Hf_TS_11=Ph_29=OMe_24=NO2.xyz,Ph,OMe,NO2
Hf_TS_11=Ph_29=OMe_24=OMe.xyz,Ph,OMe,OMe
Hf_TS_11=Ph_29=OMe_24=Ph.xyz,Ph,OMe,Ph
Hf_TS_11=Ph_29=Ph_24=CF3.xyz,Ph,Ph,CF3
Hf_TS_11=Ph_29=Ph_24=Cl.xyz,Ph,Ph,Cl
Hf_TS_11=Ph_29=Ph_24=Et.xyz,Ph,Ph,Et
Hf_TS_11=Ph_29=Ph_24=F.xyz,Ph,Ph,F
Hf_TS_11=Ph_29=Ph_24=Me.xyz,Ph,Ph,Me
Hf_TS_11=Ph_29=Ph_24=NCH3_2.xyz,Ph,Ph,NCH3_2
Hf_TS_11=Ph_29=Ph_24=NO2.xyz,Ph,Ph,NO2
Hf_TS_11=Ph_29=Ph_24=OMe.xyz,Ph,Ph,OMe
Hf_TS_11=Ph_29=Ph_24=Ph.xyz,Ph,Ph,Ph